location,city,country,measurements,coordinates.latitude,coordinates.longitude
Hornsgatan,Stockholm,SE,"[{'parameter': 'pm25', 'value': 15.7, 'lastUpdated': '2024-06-30T23:00:00+00:00', 'unit': 'µg/m³'}, {'parameter': 'pm10', 'value': 42.8, 'lastUpdated': '2024-06-30T23:00:00+00:00', 'unit': 'µg/m³'}, {'parameter': 'o3', 'value': 40.4725, 'lastUpdated': '2018-10-13T21:00:00+00:00', 'unit': 'µg/m³'}, {'parameter': 'no2', 'value': 29.2, 'lastUpdated': '2024-06-30T23:00:00+00:00', 'unit': 'µg/m³'}]",59.31713213999999,18.04878744
Sveavägen,Stockholm,SE,"[{'parameter': 'pm25', 'value': 0.0, 'lastUpdated': '2024-06-25T14:00:00+00:00', 'unit': 'µg/m³'}, {'parameter': 'no2', 'value': 15.0, 'lastUpdated': '2024-06-30T23:00:00+00:00', 'unit': 'µg/m³'}, {'parameter': 'pm10', 'value': 27.0, 'lastUpdated': '2024-06-30T23:00:00+00:00', 'unit': 'µg/m³'}]",59.34516113,18.05428175
Sankt Eriksgatan,Stockholm,SE,"[{'parameter': 'pm10', 'value': 32.2, 'lastUpdated': '2024-06-30T23:00:00+00:00', 'unit': 'µg/m³'}, {'parameter': 'pm25', 'value': 14.4, 'lastUpdated': '2024-06-30T23:00:00+00:00', 'unit': 'µg/m³'}, {'parameter': 'no2', 'value': 14.7, 'lastUpdated': '2024-06-30T23:00:00+00:00', 'unit': 'µg/m³'}]",59.338921,18.035773
"Hamngatan, Linköping",Stockholm,SE,"[{'parameter': 'pm25', 'value': 8.7, 'lastUpdated': '2024-06-30T23:00:00+00:00', 'unit': 'µg/m³'}]",58.40878,15.631343
"Kungsgatan, Uppsala",Uppsala,SE,"[{'parameter': 'pm10', 'value': 29.2, 'lastUpdated': '2024-06-30T23:00:00+00:00', 'unit': 'µg/m³'}, {'parameter': 'pm25', 'value': 14.4, 'lastUpdated': '2024-06-30T23:00:00+00:00', 'unit': 'µg/m³'}, {'parameter': 'no2', 'value': 4.6, 'lastUpdated': '2024-06-30T23:00:00+00:00', 'unit': 'µg/m³'}]",59.853185,17.653329
"Tulegatan, Sundbyberg",Stockholm,SE,"[{'parameter': 'pm10', 'value': 22.1, 'lastUpdated': '2024-06-30T23:00:00+00:00', 'unit': 'µg/m³'}, {'parameter': 'no2', 'value': 8.8, 'lastUpdated': '2024-06-30T23:00:00+00:00', 'unit': 'µg/m³'}, {'parameter': 'pm25', 'value': 11.4, 'lastUpdated': '2024-06-30T23:00:00+00:00', 'unit': 'µg/m³'}]",59.3667459,17.9688665
Valhallavägen,Stockholm,SE,"[{'parameter': 'no2', 'value': 19.3, 'lastUpdated': '2024-06-30T23:00:00+00:00', 'unit': 'µg/m³'}]",59.348618,18.062386
"Kungsgatan, Norrköping",Stockholm,SE,"[{'parameter': 'pm25', 'value': 11.2, 'lastUpdated': '2024-06-30T23:00:00+00:00', 'unit': 'µg/m³'}]",58.590397,16.178606
Latrobe,Tasmania Region,AU,"[{'parameter': 'pm10', 'value': 13.0, 'lastUpdated': '2024-06-26T13:54:07+00:00', 'unit': 'µg/m³'}, {'parameter': 'pm25', 'value': 4.0, 'lastUpdated': '2024-06-26T13:54:07+00:00', 'unit': 'µg/m³'}]",-41.238,146.42
Longford,Tasmania Region,AU,"[{'parameter': 'pm25', 'value': 76.0, 'lastUpdated': '2024-06-26T13:54:06+00:00', 'unit': 'µg/m³'}, {'parameter': 'pm10', 'value': 80.0, 'lastUpdated': '2024-06-26T13:54:06+00:00', 'unit': 'µg/m³'}]",-41.595,147.122
Emu River,Tasmania Region,AU,"[{'parameter': 'pm10', 'value': 5.0, 'lastUpdated': '2024-06-26T13:54:06+00:00', 'unit': 'µg/m³'}, {'parameter': 'pm25', 'value': 2.0, 'lastUpdated': '2024-06-26T13:54:06+00:00', 'unit': 'µg/m³'}]",-41.108,145.883
Westbury,Tasmania Region,AU,"[{'parameter': 'pm10', 'value': 58.0, 'lastUpdated': '2024-06-26T13:54:06+00:00', 'unit': 'µg/m³'}, {'parameter': 'pm25', 'value': 55.0, 'lastUpdated': '2024-06-26T13:54:06+00:00', 'unit': 'µg/m³'}]",-41.53,146.835
Hadspen,Tasmania Region,AU,"[{'parameter': 'pm25', 'value': 8.0, 'lastUpdated': '2024-06-26T13:54:06+00:00', 'unit': 'µg/m³'}, {'parameter': 'pm10', 'value': 14.0, 'lastUpdated': '2024-06-26T13:54:06+00:00', 'unit': 'µg/m³'}]",-41.503,147.067
Deloraine,Tasmania Region,AU,"[{'parameter': 'pm10', 'value': 10.0, 'lastUpdated': '2024-06-26T13:54:06+00:00', 'unit': 'µg/m³'}, {'parameter': 'pm25', 'value': 8.0, 'lastUpdated': '2024-06-26T13:54:06+00:00', 'unit': 'µg/m³'}]",-41.523,146.658
Sheffield,Tasmania Region,AU,"[{'parameter': 'pm10', 'value': 13.0, 'lastUpdated': '2024-06-26T13:54:06+00:00', 'unit': 'µg/m³'}, {'parameter': 'pm25', 'value': 3.0, 'lastUpdated': '2024-06-26T13:54:06+00:00', 'unit': 'µg/m³'}]",-41.43,146.338
Wynyard,Tasmania Region,AU,"[{'parameter': 'pm10', 'value': 9.0, 'lastUpdated': '2024-06-26T13:54:06+00:00', 'unit': 'µg/m³'}, {'parameter': 'pm25', 'value': 2.0, 'lastUpdated': '2024-06-26T13:54:06+00:00', 'unit': 'µg/m³'}]",-40.992,145.718
Smithton,Tasmania Region,AU,"[{'parameter': 'pm25', 'value': 2.0, 'lastUpdated': '2024-06-26T13:54:06+00:00', 'unit': 'µg/m³'}, {'parameter': 'pm10', 'value': 9.0, 'lastUpdated': '2024-06-26T13:54:06+00:00', 'unit': 'µg/m³'}]",-40.85,145.133
Perth,Tasmania Region,AU,"[{'parameter': 'pm10', 'value': 30.0, 'lastUpdated': '2024-06-26T13:54:06+00:00', 'unit': 'µg/m³'}, {'parameter': 'pm25', 'value': 28.0, 'lastUpdated': '2024-06-26T13:54:06+00:00', 'unit': 'µg/m³'}]",-41.578,147.172
West Ulverstone,Tasmania Region,AU,"[{'parameter': 'pm10', 'value': 11.0, 'lastUpdated': '2024-06-26T13:54:06+00:00', 'unit': 'µg/m³'}, {'parameter': 'pm25', 'value': 3.0, 'lastUpdated': '2024-06-26T13:54:06+00:00', 'unit': 'µg/m³'}]",-41.159,146.146
Devonport,Tasmania Region,AU,"[{'parameter': 'pm10', 'value': 1.0, 'lastUpdated': '2024-06-26T13:54:05+00:00', 'unit': 'µg/m³'}, {'parameter': 'pm25', 'value': 0.0, 'lastUpdated': '2024-06-26T13:54:05+00:00', 'unit': 'µg/m³'}]",-41.185,146.345
Queenstown,Tasmania Region,AU,"[{'parameter': 'pm25', 'value': 14.0, 'lastUpdated': '2024-06-26T13:52:07+00:00', 'unit': 'µg/m³'}, {'parameter': 'pm10', 'value': 15.0, 'lastUpdated': '2024-06-26T13:52:07+00:00', 'unit': 'µg/m³'}]",-42.081,145.553
Campbell Town,Tasmania Region,AU,"[{'parameter': 'pm25', 'value': 32.0, 'lastUpdated': '2024-06-26T13:52:06+00:00', 'unit': 'µg/m³'}, {'parameter': 'pm10', 'value': 33.0, 'lastUpdated': '2024-06-26T13:52:06+00:00', 'unit': 'µg/m³'}]",-41.928,147.491
St Helens,Tasmania Region,AU,"[{'parameter': 'pm25', 'value': 1.0, 'lastUpdated': '2024-06-26T13:52:06+00:00', 'unit': 'µg/m³'}, {'parameter': 'pm10', 'value': 2.0, 'lastUpdated': '2024-06-26T13:52:06+00:00', 'unit': 'µg/m³'}]",-41.32,148.25
Fingal,Tasmania Region,AU,"[{'parameter': 'pm25', 'value': 16.0, 'lastUpdated': '2024-06-26T13:52:06+00:00', 'unit': 'µg/m³'}, {'parameter': 'pm10', 'value': 17.0, 'lastUpdated': '2024-06-26T13:52:06+00:00', 'unit': 'µg/m³'}]",-41.638,147.967
Exeter,Tasmania Region,AU,"[{'parameter': 'pm10', 'value': 6.0, 'lastUpdated': '2024-06-26T13:52:06+00:00', 'unit': 'µg/m³'}, {'parameter': 'pm25', 'value': 2.0, 'lastUpdated': '2024-06-26T13:52:06+00:00', 'unit': 'µg/m³'}]",-41.303,146.951
Scottsdale,Tasmania Region,AU,"[{'parameter': 'pm10', 'value': 21.0, 'lastUpdated': '2024-06-26T13:52:06+00:00', 'unit': 'µg/m³'}, {'parameter': 'pm25', 'value': 18.0, 'lastUpdated': '2024-06-26T13:52:06+00:00', 'unit': 'µg/m³'}]",-41.162,147.515
South Launceston,Tasmania Region,AU,"[{'parameter': 'pm10', 'value': 9.0, 'lastUpdated': '2024-06-26T13:52:06+00:00', 'unit': 'µg/m³'}, {'parameter': 'pm25', 'value': 2.0, 'lastUpdated': '2024-06-26T13:52:06+00:00', 'unit': 'µg/m³'}]",-41.465,147.148
Ti Tree Bend,Tasmania Region,AU,"[{'parameter': 'pm10', 'value': 6.0, 'lastUpdated': '2024-06-26T13:52:05+00:00', 'unit': 'µg/m³'}, {'parameter': 'pm25', 'value': 2.0, 'lastUpdated': '2024-06-26T13:52:05+00:00', 'unit': 'µg/m³'}]",-41.419,147.124
George Town,Tasmania Region,AU,"[{'parameter': 'pm25', 'value': 2.0, 'lastUpdated': '2024-06-26T13:52:05+00:00', 'unit': 'µg/m³'}, {'parameter': 'pm10', 'value': 5.0, 'lastUpdated': '2024-06-26T13:52:05+00:00', 'unit': 'µg/m³'}]",-41.111,146.836
Bream Creek,Tasmania Region,AU,"[{'parameter': 'pm10', 'value': 2.0, 'lastUpdated': '2024-06-26T13:50:11+00:00', 'unit': 'µg/m³'}, {'parameter': 'pm25', 'value': 1.0, 'lastUpdated': '2024-06-26T13:50:11+00:00', 'unit': 'µg/m³'}]",-42.819,147.817
Cygnet,Tasmania Region,AU,"[{'parameter': 'pm10', 'value': 11.0, 'lastUpdated': '2024-06-26T13:50:10+00:00', 'unit': 'µg/m³'}, {'parameter': 'pm25', 'value': 9.0, 'lastUpdated': '2024-06-26T13:50:10+00:00', 'unit': 'µg/m³'}]",-43.159,147.072
New Norfolk,Tasmania Region,AU,"[{'parameter': 'pm25', 'value': 52.0, 'lastUpdated': '2024-06-26T13:50:08+00:00', 'unit': 'µg/m³'}, {'parameter': 'pm10', 'value': 55.0, 'lastUpdated': '2024-06-26T13:50:08+00:00', 'unit': 'µg/m³'}]",-42.776,147.054
Geeveston,Tasmania Region,AU,"[{'parameter': 'pm10', 'value': 26.0, 'lastUpdated': '2024-06-26T13:50:08+00:00', 'unit': 'µg/m³'}, {'parameter': 'pm25', 'value': 21.0, 'lastUpdated': '2024-06-26T13:50:08+00:00', 'unit': 'µg/m³'}]",-43.17,146.925
Gretna,Tasmania Region,AU,"[{'parameter': 'pm10', 'value': 6.0, 'lastUpdated': '2024-06-26T13:50:07+00:00', 'unit': 'µg/m³'}, {'parameter': 'pm25', 'value': 6.0, 'lastUpdated': '2024-06-26T13:50:07+00:00', 'unit': 'µg/m³'}]",-42.684,146.936
Triabunna,Tasmania Region,AU,"[{'parameter': 'pm25', 'value': 21.0, 'lastUpdated': '2024-06-26T13:50:07+00:00', 'unit': 'µg/m³'}, {'parameter': 'pm10', 'value': 23.0, 'lastUpdated': '2024-06-26T13:50:07+00:00', 'unit': 'µg/m³'}]",-42.509,147.913
Mornington,Tasmania Region,AU,"[{'parameter': 'pm25', 'value': 1.0, 'lastUpdated': '2024-06-26T13:50:06+00:00', 'unit': 'µg/m³'}, {'parameter': 'pm10', 'value': 2.0, 'lastUpdated': '2024-06-26T13:50:06+00:00', 'unit': 'µg/m³'}]",-42.861,147.404
Judbury,Tasmania Region,AU,"[{'parameter': 'pm25', 'value': 1.0, 'lastUpdated': '2024-06-26T13:50:06+00:00', 'unit': 'µg/m³'}, {'parameter': 'pm10', 'value': 7.0, 'lastUpdated': '2024-06-26T13:50:06+00:00', 'unit': 'µg/m³'}]",-43.01,146.94
Glenorchy,Tasmania Region,AU,"[{'parameter': 'pm25', 'value': 64.0, 'lastUpdated': '2024-06-26T13:50:06+00:00', 'unit': 'µg/m³'}, {'parameter': 'pm10', 'value': 64.0, 'lastUpdated': '2024-06-26T13:50:06+00:00', 'unit': 'µg/m³'}]",-42.842,147.271
Huonville,Tasmania Region,AU,"[{'parameter': 'pm25', 'value': 23.0, 'lastUpdated': '2024-06-26T13:50:06+00:00', 'unit': 'µg/m³'}, {'parameter': 'pm10', 'value': 24.0, 'lastUpdated': '2024-06-26T13:50:06+00:00', 'unit': 'µg/m³'}]",-43.03,147.05
Oatlands,Tasmania Region,AU,"[{'parameter': 'pm10', 'value': 13.0, 'lastUpdated': '2024-06-26T13:50:06+00:00', 'unit': 'µg/m³'}, {'parameter': 'pm25', 'value': 12.0, 'lastUpdated': '2024-06-26T13:50:06+00:00', 'unit': 'µg/m³'}]",-42.3,147.372
Hobart,Tasmania Region,AU,"[{'parameter': 'pm25', 'value': 10.0, 'lastUpdated': '2024-06-26T13:50:05+00:00', 'unit': 'µg/m³'}, {'parameter': 'pm10', 'value': 10.0, 'lastUpdated': '2024-06-26T13:50:05+00:00', 'unit': 'µg/m³'}]",-42.855,147.315
Lilydale,Tasmania Region,AU,"[{'parameter': 'pm10', 'value': 7.0, 'lastUpdated': '2024-06-26T04:12:06+00:00', 'unit': 'µg/m³'}, {'parameter': 'pm25', 'value': 4.0, 'lastUpdated': '2024-06-26T04:12:06+00:00', 'unit': 'µg/m³'}]",-41.25,147.217
LA BOCA,Buenos Aires,AR,"[{'parameter': 'pm10', 'value': 37.0, 'lastUpdated': '2024-06-26T03:00:00+00:00', 'unit': 'µg/m³'}, {'parameter': 'no2', 'value': 0.032, 'lastUpdated': '2024-06-26T03:00:00+00:00', 'unit': 'ppm'}, {'parameter': 'co', 'value': 1.02, 'lastUpdated': '2024-06-26T03:00:00+00:00', 'unit': 'ppm'}]",-34.62527,-58.365550000000006
CORDOBA,Buenos Aires,AR,"[{'parameter': 'pm10', 'value': 47.0, 'lastUpdated': '2024-06-26T03:00:00+00:00', 'unit': 'µg/m³'}, {'parameter': 'no2', 'value': 0.028, 'lastUpdated': '2024-06-26T03:00:00+00:00', 'unit': 'ppm'}, {'parameter': 'co', 'value': 1.44, 'lastUpdated': '2024-06-26T03:00:00+00:00', 'unit': 'ppm'}]",-34.60441667,-58.39165
CENTENARIO,Buenos Aires,AR,"[{'parameter': 'no2', 'value': 0.0, 'lastUpdated': '2024-06-26T03:00:00+00:00', 'unit': 'ppm'}, {'parameter': 'pm10', 'value': 36.0, 'lastUpdated': '2024-06-26T03:00:00+00:00', 'unit': 'µg/m³'}, {'parameter': 'co', 'value': 1.03, 'lastUpdated': '2024-06-26T03:00:00+00:00', 'unit': 'ppm'}]",-34.60638,-58.43194
"Neighbourhood South, Sevlievo",,BG,"[{'parameter': 'pm10', 'value': 4.93, 'lastUpdated': '2024-06-25T15:09:00+00:00', 'unit': 'µg/m³'}, {'parameter': 'pm1', 'value': 4.01, 'lastUpdated': '2024-06-25T15:08:00+00:00', 'unit': 'µg/m³'}, {'parameter': 'pm25', 'value': 4.93, 'lastUpdated': '2024-06-25T15:09:00+00:00', 'unit': 'µg/m³'}, {'parameter': 'pm4', 'value': 4.24, 'lastUpdated': '2024-06-25T15:08:00+00:00', 'unit': 'µg/m³'}]",43.0175,25.0981
Etar neighbourhood of Gabrovo,,BG,"[{'parameter': 'pm1', 'value': 4.08, 'lastUpdated': '2024-06-25T15:08:00+00:00', 'unit': 'µg/m³'}, {'parameter': 'pm10', 'value': 4.88, 'lastUpdated': '2024-06-25T15:09:00+00:00', 'unit': 'µg/m³'}, {'parameter': 'pm25', 'value': 4.31, 'lastUpdated': '2024-06-25T15:08:00+00:00', 'unit': 'µg/m³'}, {'parameter': 'pm4', 'value': 4.31, 'lastUpdated': '2024-06-25T15:08:00+00:00', 'unit': 'µg/m³'}]",42.8098,25.3587
"Belorusia Square, Gabrovo",,BG,"[{'parameter': 'pm25', 'value': 4.64, 'lastUpdated': '2024-06-25T15:09:00+00:00', 'unit': 'µg/m³'}, {'parameter': 'pm1', 'value': 4.28, 'lastUpdated': '2024-06-25T15:08:00+00:00', 'unit': 'µg/m³'}, {'parameter': 'pm10', 'value': 4.52, 'lastUpdated': '2024-06-25T15:08:00+00:00', 'unit': 'µg/m³'}, {'parameter': 'pm4', 'value': 4.52, 'lastUpdated': '2024-06-25T15:08:00+00:00', 'unit': 'µg/m³'}]",42.8877,25.3216
City Center,,BG,"[{'parameter': 'co', 'value': 154.16, 'lastUpdated': '2024-06-25T15:08:00+00:00', 'unit': 'µg/m³'}, {'parameter': 'pm10', 'value': 10.16, 'lastUpdated': '2024-06-25T15:09:00+00:00', 'unit': 'µg/m³'}, {'parameter': 'so2', 'value': 0.0, 'lastUpdated': '2024-06-25T15:09:00+00:00', 'unit': 'µg/m³'}, {'parameter': 'no2', 'value': 31.29, 'lastUpdated': '2024-06-25T15:09:00+00:00', 'unit': 'µg/m³'}, {'parameter': 'pm4', 'value': 7.2, 'lastUpdated': '2024-06-25T15:08:00+00:00', 'unit': 'µg/m³'}, {'parameter': 'pm25', 'value': 7.2, 'lastUpdated': '2024-06-25T15:08:00+00:00', 'unit': 'µg/m³'}, {'parameter': 'pm1', 'value': 9.61, 'lastUpdated': '2024-06-25T15:09:00+00:00', 'unit': 'µg/m³'}]",42.9088,23.7994
Bryanska St.,,BG,"[{'parameter': 'pm10', 'value': 0.64, 'lastUpdated': '2024-06-25T15:08:00+00:00', 'unit': 'µg/m³'}, {'parameter': 'so2', 'value': 0.0, 'lastUpdated': '2024-06-25T15:09:00+00:00', 'unit': 'µg/m³'}, {'parameter': 'pm1', 'value': 0.61, 'lastUpdated': '2024-06-25T15:08:00+00:00', 'unit': 'µg/m³'}, {'parameter': 'pm4', 'value': 0.64, 'lastUpdated': '2024-06-25T15:08:00+00:00', 'unit': 'µg/m³'}, {'parameter': 'pm25', 'value': 0.64, 'lastUpdated': '2024-06-25T15:08:00+00:00', 'unit': 'µg/m³'}, {'parameter': 'co', 'value': 241.24, 'lastUpdated': '2024-06-25T15:08:00+00:00', 'unit': 'µg/m³'}, {'parameter': 'no2', 'value': 49.34, 'lastUpdated': '2024-06-25T15:08:00+00:00', 'unit': 'µg/m³'}]",42.8796,25.3178
Svoboda Square of Sevlievo,,BG,"[{'parameter': 'pm25', 'value': 4.21, 'lastUpdated': '2024-06-25T15:09:00+00:00', 'unit': 'µg/m³'}, {'parameter': 'pm1', 'value': 3.82, 'lastUpdated': '2024-06-25T15:08:00+00:00', 'unit': 'µg/m³'}, {'parameter': 'pm10', 'value': 4.04, 'lastUpdated': '2024-06-25T15:08:00+00:00', 'unit': 'µg/m³'}, {'parameter': 'pm4', 'value': 4.21, 'lastUpdated': '2024-06-25T15:09:00+00:00', 'unit': 'µg/m³'}]",43.026,25.1043
Markotea Park of Gabrovo,,BG,"[{'parameter': 'pm4', 'value': 5.54, 'lastUpdated': '2024-06-25T15:09:00+00:00', 'unit': 'µg/m³'}, {'parameter': 'pm1', 'value': 4.83, 'lastUpdated': '2024-06-25T15:08:00+00:00', 'unit': 'µg/m³'}, {'parameter': 'pm10', 'value': 5.07, 'lastUpdated': '2024-06-25T15:08:00+00:00', 'unit': 'µg/m³'}, {'parameter': 'pm25', 'value': 5.07, 'lastUpdated': '2024-06-25T15:08:00+00:00', 'unit': 'µg/m³'}]",42.8552,25.3201
City Center,,BG,"[{'parameter': 'pm1', 'value': 4.13, 'lastUpdated': '2024-06-25T15:08:00+00:00', 'unit': 'µg/m³'}, {'parameter': 'pm25', 'value': 4.33, 'lastUpdated': '2024-06-25T15:08:00+00:00', 'unit': 'µg/m³'}, {'parameter': 'co', 'value': 0.0, 'lastUpdated': '2024-06-25T15:08:00+00:00', 'unit': 'µg/m³'}, {'parameter': 'pm10', 'value': 4.33, 'lastUpdated': '2024-06-25T15:08:00+00:00', 'unit': 'µg/m³'}, {'parameter': 'no2', 'value': 22.2, 'lastUpdated': '2024-06-25T15:09:00+00:00', 'unit': 'µg/m³'}, {'parameter': 'pm4', 'value': 4.33, 'lastUpdated': '2024-06-25T15:08:00+00:00', 'unit': 'µg/m³'}, {'parameter': 'so2', 'value': 44.43, 'lastUpdated': '2024-06-25T15:08:00+00:00', 'unit': 'µg/m³'}]",43.023,25.1037
Patriarh Evtimii St.,,BG,"[{'parameter': 'pm1', 'value': 0.0, 'lastUpdated': '2024-06-25T15:08:00+00:00', 'unit': 'µg/m³'}, {'parameter': 'pm10', 'value': 0.0, 'lastUpdated': '2024-06-25T15:08:00+00:00', 'unit': 'µg/m³'}, {'parameter': 'so2', 'value': 0.0, 'lastUpdated': '2024-06-25T15:08:00+00:00', 'unit': 'µg/m³'}, {'parameter': 'pm4', 'value': 0.0, 'lastUpdated': '2024-06-25T15:09:00+00:00', 'unit': 'µg/m³'}, {'parameter': 'pm25', 'value': 0.0, 'lastUpdated': '2024-06-25T15:08:00+00:00', 'unit': 'µg/m³'}, {'parameter': 'co', 'value': 52.75, 'lastUpdated': '2024-06-25T15:09:00+00:00', 'unit': 'µg/m³'}, {'parameter': 'no2', 'value': 0.0, 'lastUpdated': '2024-06-25T15:09:00+00:00', 'unit': 'µg/m³'}]",42.0535,25.5813
Technical University of Gabrovo,,BG,"[{'parameter': 'pm25', 'value': 4.77, 'lastUpdated': '2024-06-25T15:08:00+00:00', 'unit': 'µg/m³'}, {'parameter': 'pm1', 'value': 4.55, 'lastUpdated': '2024-06-25T15:08:00+00:00', 'unit': 'µg/m³'}, {'parameter': 'pm10', 'value': 4.77, 'lastUpdated': '2024-06-25T15:08:00+00:00', 'unit': 'µg/m³'}, {'parameter': 'pm4', 'value': 4.77, 'lastUpdated': '2024-06-25T15:08:00+00:00', 'unit': 'µg/m³'}, {'parameter': 'no2', 'value': 130.82, 'lastUpdated': '2024-06-25T15:08:00+00:00', 'unit': 'µg/m³'}, {'parameter': 'co', 'value': 58.31, 'lastUpdated': '2024-06-25T15:09:00+00:00', 'unit': 'µg/m³'}, {'parameter': 'so2', 'value': 0.0, 'lastUpdated': '2024-06-25T15:08:00+00:00', 'unit': 'µg/m³'}]",42.8757,25.3164
"C. Restoy, 51, Almeria, Spain",,ES,"[{'parameter': 'pm10', 'value': 1.92, 'lastUpdated': '2024-06-25T15:08:00+00:00', 'unit': 'µg/m³'}, {'parameter': 'pm1', 'value': 1.74, 'lastUpdated': '2024-06-25T15:09:00+00:00', 'unit': 'µg/m³'}, {'parameter': 'pm4', 'value': 1.92, 'lastUpdated': '2024-06-25T15:08:00+00:00', 'unit': 'µg/m³'}, {'parameter': 'pm25', 'value': 1.92, 'lastUpdated': '2024-06-25T15:08:00+00:00', 'unit': 'µg/m³'}]",36.8466,-2.4649
Haskovo Municipality,,BG,"[{'parameter': 'pm1', 'value': 4.38, 'lastUpdated': '2024-06-25T15:09:00+00:00', 'unit': 'µg/m³'}, {'parameter': 'pm25', 'value': 4.44, 'lastUpdated': '2024-06-25T15:08:00+00:00', 'unit': 'µg/m³'}, {'parameter': 'pm4', 'value': 4.63, 'lastUpdated': '2024-06-25T15:09:00+00:00', 'unit': 'µg/m³'}, {'parameter': 'pm10', 'value': 4.44, 'lastUpdated': '2024-06-25T15:08:00+00:00', 'unit': 'µg/m³'}]",41.9313,25.5575
Demo Station,,BG,"[{'parameter': 'pm10', 'value': 3.32, 'lastUpdated': '2024-06-25T15:09:00+00:00', 'unit': 'µg/m³'}, {'parameter': 'co', 'value': 165.07, 'lastUpdated': '2024-06-25T15:08:00+00:00', 'unit': 'µg/m³'}, {'parameter': 'no2', 'value': 1631.1, 'lastUpdated': '2024-06-25T15:08:00+00:00', 'unit': 'µg/m³'}, {'parameter': 'pm1', 'value': 3.11, 'lastUpdated': '2024-06-25T15:08:00+00:00', 'unit': 'µg/m³'}, {'parameter': 'so2', 'value': 0.0, 'lastUpdated': '2024-06-25T15:08:00+00:00', 'unit': 'µg/m³'}, {'parameter': 'pm25', 'value': 3.32, 'lastUpdated': '2024-06-25T15:09:00+00:00', 'unit': 'µg/m³'}, {'parameter': 'pm4', 'value': 3.29, 'lastUpdated': '2024-06-25T15:08:00+00:00', 'unit': 'µg/m³'}]",43.213,27.6468
Docho Mihaylov School of Tervel,,BG,"[{'parameter': 'pm25', 'value': 2.83, 'lastUpdated': '2024-06-25T15:09:00+00:00', 'unit': 'µg/m³'}, {'parameter': 'pm4', 'value': 3.14, 'lastUpdated': '2024-06-25T15:08:00+00:00', 'unit': 'µg/m³'}, {'parameter': 'pm10', 'value': 3.14, 'lastUpdated': '2024-06-25T15:08:00+00:00', 'unit': 'µg/m³'}, {'parameter': 'pm1', 'value': 2.97, 'lastUpdated': '2024-06-25T15:08:00+00:00', 'unit': 'µg/m³'}]",43.7437,27.4144
PGOSU of Duptnitsa,,BG,"[{'parameter': 'pm25', 'value': 5.69, 'lastUpdated': '2024-06-25T15:08:00+00:00', 'unit': 'µg/m³'}, {'parameter': 'pm1', 'value': 5.38, 'lastUpdated': '2024-06-25T15:08:00+00:00', 'unit': 'µg/m³'}, {'parameter': 'pm4', 'value': 6.35, 'lastUpdated': '2024-06-25T15:09:00+00:00', 'unit': 'µg/m³'}, {'parameter': 'pm10', 'value': 5.69, 'lastUpdated': '2024-06-25T15:08:00+00:00', 'unit': 'µg/m³'}]",42.2669,23.117
Technical University of Gabrovo,,BG,"[{'parameter': 'humidity', 'value': 66.235, 'lastUpdated': '2024-03-10T18:30:00+00:00', 'unit': '%'}, {'parameter': 'pm10', 'value': 14.12, 'lastUpdated': '2024-03-10T18:30:00+00:00', 'unit': 'µg/m³'}, {'parameter': 'co', 'value': 119.86, 'lastUpdated': '2024-03-10T18:31:00+00:00', 'unit': 'µg/m³'}, {'parameter': 'pm4', 'value': 14.46, 'lastUpdated': '2024-03-10T18:31:00+00:00', 'unit': 'µg/m³'}, {'parameter': 'temperature', 'value': 10.41, 'lastUpdated': '2024-03-10T18:31:00+00:00', 'unit': 'c'}, {'parameter': 'pressure', 'value': 964.54, 'lastUpdated': '2024-03-10T18:31:00+00:00', 'unit': 'hpa'}, {'parameter': 'pm25', 'value': 14.035, 'lastUpdated': '2024-03-10T18:30:00+00:00', 'unit': 'µg/m³'}, {'parameter': 'so2', 'value': 0.0, 'lastUpdated': '2024-03-10T18:30:00+00:00', 'unit': 'µg/m³'}, {'parameter': 'temperature', 'value': 32.62, 'lastUpdated': '2024-06-25T15:02:00+00:00', 'unit': 'f'}, {'parameter': 'pm1', 'value': 13.32, 'lastUpdated': '2024-03-10T18:30:00+00:00', 'unit': 'µg/m³'}, {'parameter': 'temperature', 'value': 32.32, 'lastUpdated': '2024-06-25T15:09:00+00:00', 'unit': 'c'}, {'parameter': 'pressure', 'value': 1613.64, 'lastUpdated': '2024-06-25T15:09:00+00:00', 'unit': 'mb'}, {'parameter': 'humidity', 'value': 43.38, 'lastUpdated': '2024-06-25T15:08:00+00:00', 'unit': '%'}, {'parameter': 'no2', 'value': 25.24, 'lastUpdated': '2024-03-10T18:30:00+00:00', 'unit': 'µg/m³'}]",42.8757,25.3164
Bryanska St.,,BG,"[{'parameter': 'co', 'value': 204.95, 'lastUpdated': '2024-03-10T18:29:00+00:00', 'unit': 'µg/m³'}, {'parameter': 'temperature', 'value': 11.97, 'lastUpdated': '2024-03-10T18:29:00+00:00', 'unit': 'c'}, {'parameter': 'pm1', 'value': 1.24, 'lastUpdated': '2024-03-10T18:29:00+00:00', 'unit': 'µg/m³'}, {'parameter': 'pressure', 'value': 969.655, 'lastUpdated': '2024-06-25T15:09:00+00:00', 'unit': 'mb'}, {'parameter': 'humidity', 'value': 42.74, 'lastUpdated': '2024-06-25T15:08:00+00:00', 'unit': '%'}, {'parameter': 'pm4', 'value': 1.51, 'lastUpdated': '2024-03-10T18:29:00+00:00', 'unit': 'µg/m³'}, {'parameter': 'temperature', 'value': 33.56, 'lastUpdated': '2024-06-25T15:08:00+00:00', 'unit': 'c'}, {'parameter': 'so2', 'value': 0.0, 'lastUpdated': '2024-03-10T18:31:00+00:00', 'unit': 'µg/m³'}, {'parameter': 'humidity', 'value': 60.89, 'lastUpdated': '2024-03-10T18:29:00+00:00', 'unit': '%'}, {'parameter': 'temperature', 'value': 33.64, 'lastUpdated': '2024-06-25T15:02:00+00:00', 'unit': 'f'}, {'parameter': 'pm25', 'value': 1.42, 'lastUpdated': '2024-03-10T18:29:00+00:00', 'unit': 'µg/m³'}, {'parameter': 'pm10', 'value': 1.52, 'lastUpdated': '2024-03-10T18:29:00+00:00', 'unit': 'µg/m³'}, {'parameter': 'no2', 'value': 3.07, 'lastUpdated': '2024-03-10T18:29:00+00:00', 'unit': 'µg/m³'}, {'parameter': 'pressure', 'value': 970.085, 'lastUpdated': '2024-03-10T18:31:00+00:00', 'unit': 'hpa'}]",42.8796,25.3178
Patriarh Evtimii St.,,BG,"[{'parameter': 'pm10', 'value': 0.0, 'lastUpdated': '2024-03-10T18:30:00+00:00', 'unit': 'µg/m³'}, {'parameter': 'pm25', 'value': 0.0, 'lastUpdated': '2024-03-10T18:30:00+00:00', 'unit': 'µg/m³'}, {'parameter': 'pressure', 'value': 1005.39, 'lastUpdated': '2024-03-10T18:30:00+00:00', 'unit': 'hpa'}, {'parameter': 'pm1', 'value': 0.0, 'lastUpdated': '2024-03-10T18:30:00+00:00', 'unit': 'µg/m³'}, {'parameter': 'temperature', 'value': 9.26, 'lastUpdated': '2024-03-10T18:31:00+00:00', 'unit': 'c'}, {'parameter': 'no2', 'value': 3.07, 'lastUpdated': '2024-03-10T18:31:00+00:00', 'unit': 'µg/m³'}, {'parameter': 'co', 'value': 170.64, 'lastUpdated': '2024-03-10T18:31:00+00:00', 'unit': 'µg/m³'}, {'parameter': 'humidity', 'value': 81.8, 'lastUpdated': '2024-03-10T18:31:00+00:00', 'unit': '%'}, {'parameter': 'pm4', 'value': 0.0, 'lastUpdated': '2024-03-10T18:31:00+00:00', 'unit': 'µg/m³'}, {'parameter': 'so2', 'value': 0.0, 'lastUpdated': '2024-03-10T18:30:00+00:00', 'unit': 'µg/m³'}, {'parameter': 'temperature', 'value': 33.09, 'lastUpdated': '2024-06-25T15:09:00+00:00', 'unit': 'f'}, {'parameter': 'temperature', 'value': 33.33, 'lastUpdated': '2024-06-25T14:54:00+00:00', 'unit': 'c'}, {'parameter': 'pressure', 'value': 1000.33, 'lastUpdated': '2024-06-25T15:08:00+00:00', 'unit': 'mb'}, {'parameter': 'humidity', 'value': 39.17, 'lastUpdated': '2024-06-25T15:09:00+00:00', 'unit': '%'}]",42.0535,25.5813
"C. Restoy, 51, Almeria, Spain",,ES,"[{'parameter': 'pm25', 'value': 3.92, 'lastUpdated': '2024-03-10T18:30:00+00:00', 'unit': 'µg/m³'}, {'parameter': 'pm4', 'value': 5.03, 'lastUpdated': '2024-03-10T18:30:00+00:00', 'unit': 'µg/m³'}, {'parameter': 'humidity', 'value': 48.9, 'lastUpdated': '2024-06-25T15:09:00+00:00', 'unit': '%'}, {'parameter': 'pm1', 'value': 2.15, 'lastUpdated': '2024-03-10T18:31:00+00:00', 'unit': 'µg/m³'}, {'parameter': 'temperature', 'value': 28.25, 'lastUpdated': '2024-06-25T15:08:00+00:00', 'unit': 'c'}, {'parameter': 'pm10', 'value': 5.6, 'lastUpdated': '2024-03-10T18:30:00+00:00', 'unit': 'µg/m³'}, {'parameter': 'pressure', 'value': 1002.71, 'lastUpdated': '2024-06-25T15:08:00+00:00', 'unit': 'hpa'}]",36.8466,-2.4649
"North Industrial Zone, Gabrovo",,BG,"[{'parameter': 'pm25', 'value': 15.59, 'lastUpdated': '2024-03-10T18:30:00+00:00', 'unit': 'µg/m³'}, {'parameter': 'co', 'value': 171.51, 'lastUpdated': '2024-03-10T18:30:00+00:00', 'unit': 'µg/m³'}, {'parameter': 'so2', 'value': 0.0, 'lastUpdated': '2024-03-10T18:30:00+00:00', 'unit': 'µg/m³'}, {'parameter': 'pm4', 'value': 15.62, 'lastUpdated': '2024-03-10T18:30:00+00:00', 'unit': 'µg/m³'}, {'parameter': 'pm1', 'value': 14.83, 'lastUpdated': '2024-03-10T18:30:00+00:00', 'unit': 'µg/m³'}, {'parameter': 'temperature', 'value': 30.65, 'lastUpdated': '2024-06-25T15:08:00+00:00', 'unit': 'c'}, {'parameter': 'humidity', 'value': 45.14, 'lastUpdated': '2024-06-25T15:09:00+00:00', 'unit': '%'}, {'parameter': 'pressure', 'value': 969.85, 'lastUpdated': '2024-06-25T15:09:00+00:00', 'unit': 'hpa'}, {'parameter': 'pm10', 'value': 15.63, 'lastUpdated': '2024-03-10T18:30:00+00:00', 'unit': 'µg/m³'}, {'parameter': 'no2', 'value': 4.76, 'lastUpdated': '2024-03-10T18:30:00+00:00', 'unit': 'µg/m³'}]",42.9004,25.3275
Ran Bosilek School of Gabrovo,,BG,"[{'parameter': 'pm25', 'value': 11.12, 'lastUpdated': '2024-03-10T18:30:00+00:00', 'unit': 'µg/m³'}, {'parameter': 'temperature', 'value': 35.74, 'lastUpdated': '2024-06-25T15:02:00+00:00', 'unit': 'c'}, {'parameter': 'pm1', 'value': 10.5, 'lastUpdated': '2024-03-10T18:30:00+00:00', 'unit': 'µg/m³'}, {'parameter': 'humidity', 'value': 38.19, 'lastUpdated': '2024-06-25T15:08:00+00:00', 'unit': '%'}, {'parameter': 'pressure', 'value': 963.85, 'lastUpdated': '2024-06-25T15:09:00+00:00', 'unit': 'mb'}, {'parameter': 'pm10', 'value': 11.12, 'lastUpdated': '2024-03-10T18:30:00+00:00', 'unit': 'µg/m³'}, {'parameter': 'pressure', 'value': 963.86, 'lastUpdated': '2024-03-10T18:31:00+00:00', 'unit': 'hpa'}, {'parameter': 'pm4', 'value': 11.12, 'lastUpdated': '2024-03-10T18:30:00+00:00', 'unit': 'µg/m³'}, {'parameter': 'temperature', 'value': 35.75, 'lastUpdated': '2024-06-25T15:09:00+00:00', 'unit': 'f'}, {'parameter': 'temperature', 'value': 11.31, 'lastUpdated': '2024-03-10T18:31:00+00:00', 'unit': 'c'}, {'parameter': 'humidity', 'value': 63.13, 'lastUpdated': '2024-03-10T18:30:00+00:00', 'unit': '%'}]",42.8752,25.3229
Southern Industrial Zone of Plovdiv,,BG,"[{'parameter': 'pm25', 'value': 43.81, 'lastUpdated': '2024-03-10T18:30:00+00:00', 'unit': 'µg/m³'}, {'parameter': 'humidity', 'value': 68.68, 'lastUpdated': '2024-03-10T18:31:00+00:00', 'unit': '%'}, {'parameter': 'pm4', 'value': 43.81, 'lastUpdated': '2024-03-10T18:30:00+00:00', 'unit': 'µg/m³'}, {'parameter': 'pressure', 'value': 997.92, 'lastUpdated': '2024-03-10T18:31:00+00:00', 'unit': 'hpa'}, {'parameter': 'pm10', 'value': 43.81, 'lastUpdated': '2024-03-10T18:30:00+00:00', 'unit': 'µg/m³'}, {'parameter': 'temperature', 'value': 11.95, 'lastUpdated': '2024-03-10T18:30:00+00:00', 'unit': 'c'}, {'parameter': 'pm1', 'value': 41.78, 'lastUpdated': '2024-03-10T18:30:00+00:00', 'unit': 'µg/m³'}, {'parameter': 'temperature', 'value': 35.13, 'lastUpdated': '2024-06-25T15:02:00+00:00', 'unit': 'f'}, {'parameter': 'pressure', 'value': 992.85, 'lastUpdated': '2024-06-25T15:09:00+00:00', 'unit': 'mb'}, {'parameter': 'temperature', 'value': 35.09, 'lastUpdated': '2024-06-25T15:08:00+00:00', 'unit': 'c'}, {'parameter': 'humidity', 'value': 33.86, 'lastUpdated': '2024-06-25T15:09:00+00:00', 'unit': '%'}]",42.1262,24.7288
NPGGS Hristo Botev,,BG,"[{'parameter': 'pressure', 'value': 927.58, 'lastUpdated': '2024-03-10T18:30:00+00:00', 'unit': 'hpa'}, {'parameter': 'humidity', 'value': 61.21, 'lastUpdated': '2024-03-10T18:31:00+00:00', 'unit': '%'}, {'parameter': 'pm25', 'value': 59.82, 'lastUpdated': '2024-03-10T18:30:00+00:00', 'unit': 'µg/m³'}, {'parameter': 'temperature', 'value': 28.58, 'lastUpdated': '2024-06-25T15:02:00+00:00', 'unit': 'c'}, {'parameter': 'pressure', 'value': 927.49, 'lastUpdated': '2024-06-25T15:08:00+00:00', 'unit': 'mb'}, {'parameter': 'pm10', 'value': 60.52, 'lastUpdated': '2024-03-10T18:30:00+00:00', 'unit': 'µg/m³'}, {'parameter': 'temperature', 'value': 10.45, 'lastUpdated': '2024-03-10T18:30:00+00:00', 'unit': 'c'}, {'parameter': 'pm1', 'value': 55.88, 'lastUpdated': '2024-03-10T18:30:00+00:00', 'unit': 'µg/m³'}, {'parameter': 'pm4', 'value': 60.4, 'lastUpdated': '2024-03-10T18:30:00+00:00', 'unit': 'µg/m³'}, {'parameter': 'humidity', 'value': 41.4, 'lastUpdated': '2024-06-25T15:09:00+00:00', 'unit': '%'}, {'parameter': 'temperature', 'value': 28.52, 'lastUpdated': '2024-06-25T15:08:00+00:00', 'unit': 'f'}]",42.0262,23.976
"North Industrial Zone, Sevlievo",,BG,"[{'parameter': 'pressure', 'value': 671.84, 'lastUpdated': '2024-03-10T18:31:00+00:00', 'unit': 'hpa'}, {'parameter': 'pm10', 'value': 24.45, 'lastUpdated': '2024-03-10T18:30:00+00:00', 'unit': 'µg/m³'}, {'parameter': 'pm25', 'value': 24.38, 'lastUpdated': '2024-03-10T18:30:00+00:00', 'unit': 'µg/m³'}, {'parameter': 'temperature', 'value': 32.64, 'lastUpdated': '2024-06-25T15:09:00+00:00', 'unit': 'f'}, {'parameter': 'humidity', 'value': 42.83, 'lastUpdated': '2024-06-25T15:08:00+00:00', 'unit': '%'}, {'parameter': 'pressure', 'value': 701.28, 'lastUpdated': '2024-06-25T15:09:00+00:00', 'unit': 'mb'}, {'parameter': 'temperature', 'value': 33.03, 'lastUpdated': '2024-06-25T14:54:00+00:00', 'unit': 'c'}, {'parameter': 'pm1', 'value': 23.0, 'lastUpdated': '2024-03-10T18:30:00+00:00', 'unit': 'µg/m³'}, {'parameter': 'humidity', 'value': 73.93, 'lastUpdated': '2024-03-10T18:30:00+00:00', 'unit': '%'}, {'parameter': 'pm4', 'value': 24.43, 'lastUpdated': '2024-03-10T18:30:00+00:00', 'unit': 'µg/m³'}, {'parameter': 'temperature', 'value': 9.78, 'lastUpdated': '2024-03-10T18:31:00+00:00', 'unit': 'c'}]",43.029,25.0916
"Park Kenana, Haskovo",,BG,"[{'parameter': 'humidity', 'value': 39.19, 'lastUpdated': '2024-06-25T15:08:00+00:00', 'unit': '%'}, {'parameter': 'pm1', 'value': 21.92, 'lastUpdated': '2024-03-10T18:30:00+00:00', 'unit': 'µg/m³'}, {'parameter': 'pm25', 'value': 23.18, 'lastUpdated': '2024-03-10T18:30:00+00:00', 'unit': 'µg/m³'}, {'parameter': 'humidity', 'value': 82.03, 'lastUpdated': '2024-03-10T18:30:00+00:00', 'unit': '%'}, {'parameter': 'temperature', 'value': 8.96, 'lastUpdated': '2024-03-10T18:31:00+00:00', 'unit': 'c'}, {'parameter': 'pressure', 'value': 987.97, 'lastUpdated': '2024-06-25T15:08:00+00:00', 'unit': 'mb'}, {'parameter': 'pressure', 'value': 991.94, 'lastUpdated': '2024-03-10T18:30:00+00:00', 'unit': 'hpa'}, {'parameter': 'pm4', 'value': 23.19, 'lastUpdated': '2024-03-10T18:30:00+00:00', 'unit': 'µg/m³'}, {'parameter': 'pm10', 'value': 23.19, 'lastUpdated': '2024-03-10T18:30:00+00:00', 'unit': 'µg/m³'}, {'parameter': 'temperature', 'value': 33.29, 'lastUpdated': '2024-06-25T14:48:00+00:00', 'unit': 'c'}, {'parameter': 'temperature', 'value': 32.83, 'lastUpdated': '2024-06-25T15:09:00+00:00', 'unit': 'f'}]",41.9413,25.5446
Park Yamacha,,BG,"[{'parameter': 'pm25', 'value': 22.22, 'lastUpdated': '2024-03-10T18:30:00+00:00', 'unit': 'µg/m³'}, {'parameter': 'pm1', 'value': 20.99, 'lastUpdated': '2024-03-10T18:30:00+00:00', 'unit': 'µg/m³'}, {'parameter': 'pressure', 'value': 502.91, 'lastUpdated': '2024-03-10T18:30:00+00:00', 'unit': 'hpa'}, {'parameter': 'temperature', 'value': -132.6, 'lastUpdated': '2024-03-10T18:31:00+00:00', 'unit': 'c'}, {'parameter': 'humidity', 'value': 2.11, 'lastUpdated': '2024-03-10T18:30:00+00:00', 'unit': '%'}, {'parameter': 'temperature', 'value': 32.6, 'lastUpdated': '2024-06-25T14:54:00+00:00', 'unit': 'f'}, {'parameter': 'humidity', 'value': 34.35, 'lastUpdated': '2024-06-25T15:08:00+00:00', 'unit': '%'}, {'parameter': 'pressure', 'value': 989.69, 'lastUpdated': '2024-06-25T15:08:00+00:00', 'unit': 'mb'}, {'parameter': 'temperature', 'value': 32.49, 'lastUpdated': '2024-06-25T15:09:00+00:00', 'unit': 'c'}, {'parameter': 'pm4', 'value': 22.23, 'lastUpdated': '2024-03-10T18:30:00+00:00', 'unit': 'µg/m³'}, {'parameter': 'pm10', 'value': 22.24, 'lastUpdated': '2024-03-10T18:30:00+00:00', 'unit': 'µg/m³'}]",41.9279,25.5542
Svoboda Square of Sevlievo,,BG,"[{'parameter': 'humidity', 'value': 41.87, 'lastUpdated': '2024-06-25T15:09:00+00:00', 'unit': '%'}, {'parameter': 'pressure', 'value': 990.04, 'lastUpdated': '2024-06-25T15:08:00+00:00', 'unit': 'mb'}, {'parameter': 'temperature', 'value': 32.64, 'lastUpdated': '2024-06-25T15:02:00+00:00', 'unit': 'c'}, {'parameter': 'pm1', 'value': 15.7, 'lastUpdated': '2024-03-10T18:30:00+00:00', 'unit': 'µg/m³'}, {'parameter': 'temperature', 'value': 11.28, 'lastUpdated': '2024-03-10T18:30:00+00:00', 'unit': 'c'}, {'parameter': 'pressure', 'value': 991.62, 'lastUpdated': '2024-03-10T18:30:00+00:00', 'unit': 'hpa'}, {'parameter': 'temperature', 'value': 32.61, 'lastUpdated': '2024-06-25T15:08:00+00:00', 'unit': 'f'}, {'parameter': 'pm10', 'value': 16.61, 'lastUpdated': '2024-03-10T18:30:00+00:00', 'unit': 'µg/m³'}, {'parameter': 'pm25', 'value': 21.48, 'lastUpdated': '2024-03-10T18:31:00+00:00', 'unit': 'µg/m³'}, {'parameter': 'pm4', 'value': 21.5, 'lastUpdated': '2024-03-10T18:31:00+00:00', 'unit': 'µg/m³'}, {'parameter': 'humidity', 'value': 67.29, 'lastUpdated': '2024-03-10T18:31:00+00:00', 'unit': '%'}]",43.026,25.1043
City Center,,BG,"[{'parameter': 'pm4', 'value': 31.92, 'lastUpdated': '2024-03-10T18:30:00+00:00', 'unit': 'µg/m³'}, {'parameter': 'humidity', 'value': 67.885, 'lastUpdated': '2024-03-10T18:30:00+00:00', 'unit': '%'}, {'parameter': 'co', 'value': 447.92, 'lastUpdated': '2024-03-10T18:30:00+00:00', 'unit': 'µg/m³'}, {'parameter': 'pressure', 'value': 991.705, 'lastUpdated': '2024-03-10T18:30:00+00:00', 'unit': 'hpa'}, {'parameter': 'pressure', 'value': 990.07, 'lastUpdated': '2024-06-25T15:09:00+00:00', 'unit': 'mb'}, {'parameter': 'temperature', 'value': 39.43, 'lastUpdated': '2024-06-25T14:38:00+00:00', 'unit': 'f'}, {'parameter': 'temperature', 'value': 11.165, 'lastUpdated': '2024-03-10T18:30:00+00:00', 'unit': 'c'}, {'parameter': 'pm1', 'value': 30.314999, 'lastUpdated': '2024-03-10T18:30:00+00:00', 'unit': 'µg/m³'}, {'parameter': 'pm25', 'value': 31.865, 'lastUpdated': '2024-03-10T18:30:00+00:00', 'unit': 'µg/m³'}, {'parameter': 'no2', 'value': 21.87, 'lastUpdated': '2024-03-10T18:30:00+00:00', 'unit': 'µg/m³'}, {'parameter': 'so2', 'value': 0.0, 'lastUpdated': '2024-03-10T18:30:00+00:00', 'unit': 'µg/m³'}, {'parameter': 'pm10', 'value': 31.95, 'lastUpdated': '2024-03-10T18:30:00+00:00', 'unit': 'µg/m³'}, {'parameter': 'humidity', 'value': 35.6, 'lastUpdated': '2024-06-25T15:08:00+00:00', 'unit': '%'}, {'parameter': 'temperature', 'value': 36.84, 'lastUpdated': '2024-06-25T15:08:00+00:00', 'unit': 'c'}]",43.023,25.1037
Sevlievo,,BG,"[{'parameter': 'humidity', 'value': 33.99, 'lastUpdated': '2024-06-25T15:08:00+00:00', 'unit': '%'}, {'parameter': 'pm25', 'value': 3.15, 'lastUpdated': '2024-06-25T15:08:00+00:00', 'unit': 'µg/m³'}, {'parameter': 'pm10', 'value': 3.74, 'lastUpdated': '2024-06-25T15:09:00+00:00', 'unit': 'µg/m³'}, {'parameter': 'pressure', 'value': 990.4, 'lastUpdated': '2024-06-25T15:08:00+00:00', 'unit': 'hpa'}, {'parameter': 'pm1', 'value': 2.97, 'lastUpdated': '2024-06-25T15:08:00+00:00', 'unit': 'µg/m³'}, {'parameter': 'pm4', 'value': 3.15, 'lastUpdated': '2024-06-25T15:08:00+00:00', 'unit': 'µg/m³'}, {'parameter': 'temperature', 'value': 36.38, 'lastUpdated': '2024-06-25T15:08:00+00:00', 'unit': 'c'}]",43.0244,25.1076
Benkovski School,,BG,"[{'parameter': 'pm25', 'value': 3.6, 'lastUpdated': '2024-06-25T15:08:00+00:00', 'unit': 'µg/m³'}, {'parameter': 'temperature', 'value': 32.3, 'lastUpdated': '2024-06-25T15:09:00+00:00', 'unit': 'c'}, {'parameter': 'pm10', 'value': 3.75, 'lastUpdated': '2024-06-25T15:08:00+00:00', 'unit': 'µg/m³'}, {'parameter': 'pm1', 'value': 2.74, 'lastUpdated': '2024-06-25T15:09:00+00:00', 'unit': 'µg/m³'}, {'parameter': 'pm4', 'value': 2.94, 'lastUpdated': '2024-06-25T15:09:00+00:00', 'unit': 'µg/m³'}, {'parameter': 'pressure', 'value': 972.61, 'lastUpdated': '2024-06-25T15:08:00+00:00', 'unit': 'hpa'}, {'parameter': 'humidity', 'value': 35.93, 'lastUpdated': '2024-06-25T15:08:00+00:00', 'unit': '%'}]",41.38,25.2552
"Svilengrad, Bulgaria",,GR,"[{'parameter': 'pm25', 'value': 4.06, 'lastUpdated': '2024-06-25T15:09:00+00:00', 'unit': 'µg/m³'}, {'parameter': 'temperature', 'value': 37.38, 'lastUpdated': '2024-06-25T15:08:00+00:00', 'unit': 'c'}, {'parameter': 'pm10', 'value': 3.44, 'lastUpdated': '2024-06-25T15:08:00+00:00', 'unit': 'µg/m³'}, {'parameter': 'humidity', 'value': 29.15, 'lastUpdated': '2024-06-25T15:08:00+00:00', 'unit': '%'}, {'parameter': 'pressure', 'value': 1006.15, 'lastUpdated': '2024-06-25T15:09:00+00:00', 'unit': 'hpa'}, {'parameter': 'pm4', 'value': 3.43, 'lastUpdated': '2024-06-25T15:08:00+00:00', 'unit': 'µg/m³'}, {'parameter': 'pm1', 'value': 3.2, 'lastUpdated': '2024-06-25T15:08:00+00:00', 'unit': 'µg/m³'}]",41.766,26.2054
Hristo Smirnenski,,BG,"[{'parameter': 'pm25', 'value': 3.13, 'lastUpdated': '2024-06-25T15:08:00+00:00', 'unit': 'µg/m³'}, {'parameter': 'pm4', 'value': 3.13, 'lastUpdated': '2024-06-25T15:08:00+00:00', 'unit': 'µg/m³'}, {'parameter': 'humidity', 'value': 23.75, 'lastUpdated': '2024-06-25T15:09:00+00:00', 'unit': '%'}, {'parameter': 'pm1', 'value': 2.96, 'lastUpdated': '2024-06-25T15:08:00+00:00', 'unit': 'µg/m³'}, {'parameter': 'temperature', 'value': 41.38, 'lastUpdated': '2024-06-25T15:08:00+00:00', 'unit': 'c'}, {'parameter': 'pm10', 'value': 3.13, 'lastUpdated': '2024-06-25T15:08:00+00:00', 'unit': 'µg/m³'}, {'parameter': 'pressure', 'value': 1009.3, 'lastUpdated': '2024-06-25T15:08:00+00:00', 'unit': 'hpa'}]",43.6376,24.6924
Park DNA Vratsa,,BG,"[{'parameter': 'temperature', 'value': 37.92, 'lastUpdated': '2024-06-25T15:04:00+00:00', 'unit': 'c'}, {'parameter': 'pm1', 'value': 5.98, 'lastUpdated': '2024-06-25T15:04:00+00:00', 'unit': 'µg/m³'}, {'parameter': 'pm10', 'value': 6.32, 'lastUpdated': '2024-06-25T15:04:00+00:00', 'unit': 'µg/m³'}, {'parameter': 'pressure', 'value': 971.31, 'lastUpdated': '2024-06-25T15:04:00+00:00', 'unit': 'hpa'}, {'parameter': 'pm25', 'value': 6.32, 'lastUpdated': '2024-06-25T15:04:00+00:00', 'unit': 'µg/m³'}, {'parameter': 'humidity', 'value': 23.45, 'lastUpdated': '2024-06-25T15:09:00+00:00', 'unit': '%'}, {'parameter': 'pm4', 'value': 6.26, 'lastUpdated': '2024-06-25T15:09:00+00:00', 'unit': 'µg/m³'}]",43.2078,23.5488
Targovishte 2,,BG,"[{'parameter': 'pressure', 'value': 992.8, 'lastUpdated': '2024-06-25T15:08:00+00:00', 'unit': 'hpa'}, {'parameter': 'pm25', 'value': 6.68, 'lastUpdated': '2024-06-25T15:08:00+00:00', 'unit': 'µg/m³'}, {'parameter': 'so2', 'value': 0.0, 'lastUpdated': '2024-06-25T15:08:00+00:00', 'unit': 'µg/m³'}, {'parameter': 'pm10', 'value': 6.68, 'lastUpdated': '2024-06-25T15:08:00+00:00', 'unit': 'µg/m³'}, {'parameter': 'co', 'value': 74.44, 'lastUpdated': '2024-06-25T15:08:00+00:00', 'unit': 'µg/m³'}, {'parameter': 'pm4', 'value': 7.78, 'lastUpdated': '2024-06-25T15:09:00+00:00', 'unit': 'µg/m³'}, {'parameter': 'pm1', 'value': 6.32, 'lastUpdated': '2024-06-25T15:08:00+00:00', 'unit': 'µg/m³'}, {'parameter': 'no2', 'value': 0.0, 'lastUpdated': '2024-06-25T15:09:00+00:00', 'unit': 'µg/m³'}, {'parameter': 'humidity', 'value': 36.42, 'lastUpdated': '2024-06-25T15:08:00+00:00', 'unit': '%'}, {'parameter': 'temperature', 'value': 31.55, 'lastUpdated': '2024-06-25T15:09:00+00:00', 'unit': 'c'}]",43.2578,26.5299
Targovishte 1,,NO,"[{'parameter': 'temperature', 'value': 33.33, 'lastUpdated': '2024-06-25T15:08:00+00:00', 'unit': 'f'}, {'parameter': 'temperature', 'value': 33.52, 'lastUpdated': '2024-06-25T14:53:00+00:00', 'unit': 'c'}, {'parameter': 'so2', 'value': 0.0, 'lastUpdated': '2024-06-25T15:08:00+00:00', 'unit': 'ppb'}, {'parameter': 'pressure', 'value': 992.47, 'lastUpdated': '2024-06-25T15:08:00+00:00', 'unit': 'mb'}, {'parameter': 'pm4', 'value': 7.31, 'lastUpdated': '2024-06-25T15:08:00+00:00', 'unit': 'µg/m³'}, {'parameter': 'pm25', 'value': 7.31, 'lastUpdated': '2024-06-25T15:08:00+00:00', 'unit': 'µg/m³'}, {'parameter': 'pm10', 'value': 7.31, 'lastUpdated': '2024-06-25T15:08:00+00:00', 'unit': 'µg/m³'}, {'parameter': 'pm1', 'value': 7.18, 'lastUpdated': '2024-06-25T15:09:00+00:00', 'unit': 'µg/m³'}, {'parameter': 'no2', 'value': 0.0, 'lastUpdated': '2024-06-25T15:08:00+00:00', 'unit': 'ppb'}, {'parameter': 'humidity', 'value': 36.99, 'lastUpdated': '2024-06-25T15:08:00+00:00', 'unit': '%'}, {'parameter': 'co', 'value': 241.25, 'lastUpdated': '2024-06-25T15:09:00+00:00', 'unit': 'ppb'}]",43.2468,26.5723
4B Bulgaria Blvrd,,BG,"[{'parameter': 'pm4', 'value': 4.55, 'lastUpdated': '2024-06-25T15:08:00+00:00', 'unit': 'µg/m³'}, {'parameter': 'so2', 'value': 0.0, 'lastUpdated': '2024-06-25T15:08:00+00:00', 'unit': 'µg/m³'}, {'parameter': 'pm25', 'value': 4.55, 'lastUpdated': '2024-06-25T15:08:00+00:00', 'unit': 'µg/m³'}, {'parameter': 'pm10', 'value': 4.55, 'lastUpdated': '2024-06-25T15:08:00+00:00', 'unit': 'µg/m³'}, {'parameter': 'no2', 'value': 33.51, 'lastUpdated': '2024-06-25T15:08:00+00:00', 'unit': 'µg/m³'}, {'parameter': 'pm1', 'value': 4.3, 'lastUpdated': '2024-06-25T15:08:00+00:00', 'unit': 'µg/m³'}, {'parameter': 'co', 'value': 22.57, 'lastUpdated': '2024-06-25T15:08:00+00:00', 'unit': 'µg/m³'}]",42.0582,25.5927
"North Industrial Zone, Sevlievo",,BG,"[{'parameter': 'pm4', 'value': 4.11, 'lastUpdated': '2024-06-25T15:08:00+00:00', 'unit': 'µg/m³'}, {'parameter': 'pm10', 'value': 4.11, 'lastUpdated': '2024-06-25T15:08:00+00:00', 'unit': 'µg/m³'}, {'parameter': 'pm1', 'value': 3.89, 'lastUpdated': '2024-06-25T15:08:00+00:00', 'unit': 'µg/m³'}, {'parameter': 'pm25', 'value': 4.11, 'lastUpdated': '2024-06-25T15:08:00+00:00', 'unit': 'µg/m³'}]",43.029,25.0916
"North Industrial Zone, Gabrovo",,BG,"[{'parameter': 'pm10', 'value': 5.68, 'lastUpdated': '2024-06-25T15:08:00+00:00', 'unit': 'µg/m³'}, {'parameter': 'so2', 'value': 0.0, 'lastUpdated': '2024-06-25T15:08:00+00:00', 'unit': 'µg/m³'}, {'parameter': 'co', 'value': 90.76, 'lastUpdated': '2024-06-25T15:08:00+00:00', 'unit': 'µg/m³'}, {'parameter': 'pm4', 'value': 5.68, 'lastUpdated': '2024-06-25T15:08:00+00:00', 'unit': 'µg/m³'}, {'parameter': 'pm1', 'value': 5.41, 'lastUpdated': '2024-06-25T15:08:00+00:00', 'unit': 'µg/m³'}, {'parameter': 'pm25', 'value': 5.68, 'lastUpdated': '2024-06-25T15:08:00+00:00', 'unit': 'µg/m³'}, {'parameter': 'no2', 'value': 0.0, 'lastUpdated': '2024-06-25T15:08:00+00:00', 'unit': 'µg/m³'}]",42.9004,25.3275
Ran Bosilek School of Gabrovo,,BG,"[{'parameter': 'pm1', 'value': 4.07, 'lastUpdated': '2024-06-25T15:08:00+00:00', 'unit': 'µg/m³'}, {'parameter': 'pm10', 'value': 4.31, 'lastUpdated': '2024-06-25T15:08:00+00:00', 'unit': 'µg/m³'}, {'parameter': 'pm4', 'value': 4.31, 'lastUpdated': '2024-06-25T15:08:00+00:00', 'unit': 'µg/m³'}, {'parameter': 'pm25', 'value': 4.31, 'lastUpdated': '2024-06-25T15:08:00+00:00', 'unit': 'µg/m³'}]",42.8752,25.3229
"Bulgaria, Sofia, Darvenitsa",,BG,"[{'parameter': 'pm10', 'value': 3.67, 'lastUpdated': '2024-06-25T15:08:00+00:00', 'unit': 'µg/m³'}, {'parameter': 'pm1', 'value': 3.5, 'lastUpdated': '2024-06-25T15:08:00+00:00', 'unit': 'µg/m³'}, {'parameter': 'pm25', 'value': 3.67, 'lastUpdated': '2024-06-25T15:08:00+00:00', 'unit': 'µg/m³'}, {'parameter': 'pm4', 'value': 3.67, 'lastUpdated': '2024-06-25T15:08:00+00:00', 'unit': 'µg/m³'}]",42.6695,23.359
Southern Industrial Zone of Plovdiv,,BG,"[{'parameter': 'pm10', 'value': 6.67, 'lastUpdated': '2024-06-25T15:08:00+00:00', 'unit': 'µg/m³'}, {'parameter': 'pm4', 'value': 6.67, 'lastUpdated': '2024-06-25T15:08:00+00:00', 'unit': 'µg/m³'}, {'parameter': 'pm1', 'value': 6.36, 'lastUpdated': '2024-06-25T15:08:00+00:00', 'unit': 'µg/m³'}, {'parameter': 'pm25', 'value': 6.67, 'lastUpdated': '2024-06-25T15:08:00+00:00', 'unit': 'µg/m³'}]",42.1262,24.7288
"Park Kenana, Haskovo",,BG,"[{'parameter': 'pm10', 'value': 4.24, 'lastUpdated': '2024-06-25T15:08:00+00:00', 'unit': 'µg/m³'}, {'parameter': 'pm1', 'value': 4.01, 'lastUpdated': '2024-06-25T15:08:00+00:00', 'unit': 'µg/m³'}, {'parameter': 'pm25', 'value': 4.24, 'lastUpdated': '2024-06-25T15:08:00+00:00', 'unit': 'µg/m³'}, {'parameter': 'pm4', 'value': 4.24, 'lastUpdated': '2024-06-25T15:08:00+00:00', 'unit': 'µg/m³'}]",41.9413,25.5446
Park Yamacha,,BG,"[{'parameter': 'pm4', 'value': 3.86, 'lastUpdated': '2024-06-25T15:08:00+00:00', 'unit': 'µg/m³'}, {'parameter': 'pm1', 'value': 3.65, 'lastUpdated': '2024-06-25T15:08:00+00:00', 'unit': 'µg/m³'}, {'parameter': 'pm25', 'value': 3.86, 'lastUpdated': '2024-06-25T15:08:00+00:00', 'unit': 'µg/m³'}, {'parameter': 'pm10', 'value': 3.86, 'lastUpdated': '2024-06-25T15:08:00+00:00', 'unit': 'µg/m³'}]",41.9279,25.5542
NPGGS Hristo Botev,,BG,"[{'parameter': 'pm25', 'value': 4.28, 'lastUpdated': '2024-06-25T15:08:00+00:00', 'unit': 'µg/m³'}, {'parameter': 'pm4', 'value': 4.28, 'lastUpdated': '2024-06-25T15:08:00+00:00', 'unit': 'µg/m³'}, {'parameter': 'pm10', 'value': 4.28, 'lastUpdated': '2024-06-25T15:08:00+00:00', 'unit': 'µg/m³'}, {'parameter': 'pm1', 'value': 4.05, 'lastUpdated': '2024-06-25T15:08:00+00:00', 'unit': 'µg/m³'}]",42.0262,23.976
Vasil Levski School of Ivaylovgrad,,GR,"[{'parameter': 'pm10', 'value': 3.75, 'lastUpdated': '2024-06-25T15:08:00+00:00', 'unit': 'µg/m³'}, {'parameter': 'pm1', 'value': 3.54, 'lastUpdated': '2024-06-25T15:08:00+00:00', 'unit': 'µg/m³'}, {'parameter': 'pm4', 'value': 3.75, 'lastUpdated': '2024-06-25T15:08:00+00:00', 'unit': 'µg/m³'}, {'parameter': 'pm25', 'value': 3.75, 'lastUpdated': '2024-06-25T15:08:00+00:00', 'unit': 'µg/m³'}]",41.5287,26.1265
Nikolay Katranov School of Svishtov,,BG,"[{'parameter': 'pm4', 'value': 2.98, 'lastUpdated': '2024-06-25T15:08:00+00:00', 'unit': 'µg/m³'}, {'parameter': 'pm10', 'value': 2.98, 'lastUpdated': '2024-06-25T15:08:00+00:00', 'unit': 'µg/m³'}, {'parameter': 'pm1', 'value': 2.82, 'lastUpdated': '2024-06-25T15:08:00+00:00', 'unit': 'µg/m³'}, {'parameter': 'pm25', 'value': 2.98, 'lastUpdated': '2024-06-25T15:08:00+00:00', 'unit': 'µg/m³'}]",43.6175,25.3499
Dishai Dimitrovgrad,,BG,"[{'parameter': 'pm10', 'value': 3.74, 'lastUpdated': '2024-06-25T15:08:00+00:00', 'unit': 'µg/m³'}, {'parameter': 'co', 'value': 0.0, 'lastUpdated': '2024-06-25T15:08:00+00:00', 'unit': 'µg/m³'}, {'parameter': 'no2', 'value': 21.42, 'lastUpdated': '2024-06-25T15:08:00+00:00', 'unit': 'µg/m³'}, {'parameter': 'so2', 'value': 0.0, 'lastUpdated': '2024-06-25T15:08:00+00:00', 'unit': 'µg/m³'}, {'parameter': 'pm25', 'value': 3.74, 'lastUpdated': '2024-06-25T15:08:00+00:00', 'unit': 'µg/m³'}, {'parameter': 'pm1', 'value': 3.53, 'lastUpdated': '2024-06-25T15:08:00+00:00', 'unit': 'µg/m³'}, {'parameter': 'pm4', 'value': 3.74, 'lastUpdated': '2024-06-25T15:08:00+00:00', 'unit': 'µg/m³'}]",42.0532,25.6195
"Skravena, Botevgrad",,BG,"[{'parameter': 'pm25', 'value': 5.15, 'lastUpdated': '2024-06-25T15:08:00+00:00', 'unit': 'µg/m³'}, {'parameter': 'pm4', 'value': 5.15, 'lastUpdated': '2024-06-25T15:08:00+00:00', 'unit': 'µg/m³'}, {'parameter': 'pm10', 'value': 5.15, 'lastUpdated': '2024-06-25T15:08:00+00:00', 'unit': 'µg/m³'}, {'parameter': 'pm1', 'value': 4.87, 'lastUpdated': '2024-06-25T15:08:00+00:00', 'unit': 'µg/m³'}]",42.9696,23.7812
City Center,,BG,"[{'parameter': 'co', 'value': 186.01, 'lastUpdated': '2024-03-10T18:30:00+00:00', 'unit': 'µg/m³'}, {'parameter': 'pm10', 'value': 24.93, 'lastUpdated': '2024-03-10T18:31:00+00:00', 'unit': 'µg/m³'}, {'parameter': 'pm4', 'value': 25.28, 'lastUpdated': '2024-03-10T18:30:00+00:00', 'unit': 'µg/m³'}, {'parameter': 'temperature', 'value': 33.01, 'lastUpdated': '2024-06-25T15:08:00+00:00', 'unit': 'c'}, {'parameter': 'so2', 'value': 0.0, 'lastUpdated': '2024-03-10T18:31:00+00:00', 'unit': 'µg/m³'}, {'parameter': 'humidity', 'value': 43.03, 'lastUpdated': '2024-06-25T15:08:00+00:00', 'unit': '%'}, {'parameter': 'pm1', 'value': 23.34, 'lastUpdated': '2024-03-10T18:31:00+00:00', 'unit': 'µg/m³'}, {'parameter': 'pressure', 'value': 974.52, 'lastUpdated': '2024-06-25T15:08:00+00:00', 'unit': 'hpa'}, {'parameter': 'no2', 'value': 9.99, 'lastUpdated': '2024-03-10T18:31:00+00:00', 'unit': 'µg/m³'}, {'parameter': 'pm25', 'value': 25.26, 'lastUpdated': '2024-03-10T18:30:00+00:00', 'unit': 'µg/m³'}]",42.9088,23.7994
Demo Station,,BG,"[{'parameter': 'humidity', 'value': 41.14, 'lastUpdated': '2024-06-25T15:08:00+00:00', 'unit': '%'}, {'parameter': 'pm4', 'value': 16.47, 'lastUpdated': '2024-03-10T18:30:00+00:00', 'unit': 'µg/m³'}, {'parameter': 'pm25', 'value': 15.91, 'lastUpdated': '2024-03-10T18:31:00+00:00', 'unit': 'µg/m³'}, {'parameter': 'pm1', 'value': 14.92, 'lastUpdated': '2024-03-10T18:30:00+00:00', 'unit': 'µg/m³'}, {'parameter': 'no2', 'value': 4967.9, 'lastUpdated': '2024-03-10T18:30:00+00:00', 'unit': 'µg/m³'}, {'parameter': 'temperature', 'value': 31.8, 'lastUpdated': '2024-06-25T15:08:00+00:00', 'unit': 'c'}, {'parameter': 'co', 'value': 93.42, 'lastUpdated': '2024-03-10T18:30:00+00:00', 'unit': 'µg/m³'}, {'parameter': 'pm10', 'value': 16.25, 'lastUpdated': '2024-03-10T18:31:00+00:00', 'unit': 'µg/m³'}, {'parameter': 'pressure', 'value': 1006.38, 'lastUpdated': '2024-06-25T15:08:00+00:00', 'unit': 'hpa'}, {'parameter': 'so2', 'value': 0.0, 'lastUpdated': '2024-03-10T18:30:00+00:00', 'unit': 'µg/m³'}]",43.213,27.6468
Dishai Dimitrovgrad,,BG,"[{'parameter': 'pressure', 'value': 660.99, 'lastUpdated': '2024-06-25T15:08:00+00:00', 'unit': 'hpa'}, {'parameter': 'temperature', 'value': 43.58, 'lastUpdated': '2024-06-25T15:08:00+00:00', 'unit': 'c'}, {'parameter': 'pm25', 'value': 19.27, 'lastUpdated': '2024-03-10T18:29:00+00:00', 'unit': 'µg/m³'}, {'parameter': 'pm1', 'value': 17.94, 'lastUpdated': '2024-03-10T18:29:00+00:00', 'unit': 'µg/m³'}, {'parameter': 'no2', 'value': 16.51, 'lastUpdated': '2024-03-10T18:29:00+00:00', 'unit': 'µg/m³'}, {'parameter': 'humidity', 'value': 24.96, 'lastUpdated': '2024-06-25T15:08:00+00:00', 'unit': '%'}, {'parameter': 'pm10', 'value': 19.55, 'lastUpdated': '2024-03-10T18:29:00+00:00', 'unit': 'µg/m³'}, {'parameter': 'pm4', 'value': 19.5, 'lastUpdated': '2024-03-10T18:29:00+00:00', 'unit': 'µg/m³'}, {'parameter': 'co', 'value': 139.61, 'lastUpdated': '2024-03-10T18:29:00+00:00', 'unit': 'µg/m³'}, {'parameter': 'so2', 'value': 0.0, 'lastUpdated': '2024-03-10T18:29:00+00:00', 'unit': 'µg/m³'}]",42.0529,25.6197
Vasil Levski School of Ivaylovgrad,,GR,"[{'parameter': 'pm10', 'value': 30.32, 'lastUpdated': '2024-03-10T18:30:00+00:00', 'unit': 'µg/m³'}, {'parameter': 'pressure', 'value': 991.09, 'lastUpdated': '2024-06-25T15:08:00+00:00', 'unit': 'mb'}, {'parameter': 'temperature', 'value': 33.66, 'lastUpdated': '2024-06-25T14:38:00+00:00', 'unit': 'f'}, {'parameter': 'humidity', 'value': 35.27, 'lastUpdated': '2024-06-25T15:08:00+00:00', 'unit': '%'}, {'parameter': 'pm1', 'value': 28.67, 'lastUpdated': '2024-03-10T18:30:00+00:00', 'unit': 'µg/m³'}, {'parameter': 'temperature', 'value': 33.21, 'lastUpdated': '2024-06-25T15:08:00+00:00', 'unit': 'c'}, {'parameter': 'pressure', 'value': 996.35, 'lastUpdated': '2024-03-10T18:30:00+00:00', 'unit': 'hpa'}, {'parameter': 'humidity', 'value': 70.73, 'lastUpdated': '2024-03-10T18:30:00+00:00', 'unit': '%'}, {'parameter': 'pm25', 'value': 30.32, 'lastUpdated': '2024-03-10T18:30:00+00:00', 'unit': 'µg/m³'}, {'parameter': 'pm4', 'value': 30.32, 'lastUpdated': '2024-03-10T18:30:00+00:00', 'unit': 'µg/m³'}, {'parameter': 'temperature', 'value': 9.57, 'lastUpdated': '2024-03-10T18:30:00+00:00', 'unit': 'c'}]",41.5287,26.1265
Markotea Park of Gabrovo,,BG,"[{'parameter': 'pm10', 'value': 13.52, 'lastUpdated': '2024-03-10T18:30:00+00:00', 'unit': 'µg/m³'}, {'parameter': 'pm1', 'value': 12.88, 'lastUpdated': '2024-03-10T18:30:00+00:00', 'unit': 'µg/m³'}, {'parameter': 'pressure', 'value': 966.24, 'lastUpdated': '2024-03-10T18:30:00+00:00', 'unit': 'hpa'}, {'parameter': 'temperature', 'value': 8.59, 'lastUpdated': '2024-03-10T18:30:00+00:00', 'unit': 'c'}, {'parameter': 'pm25', 'value': 13.51, 'lastUpdated': '2024-03-10T18:30:00+00:00', 'unit': 'µg/m³'}, {'parameter': 'pm4', 'value': 13.1, 'lastUpdated': '2024-03-10T18:31:00+00:00', 'unit': 'µg/m³'}, {'parameter': 'temperature', 'value': 31.11, 'lastUpdated': '2024-06-25T15:08:00+00:00', 'unit': 'c'}, {'parameter': 'temperature', 'value': 32.28, 'lastUpdated': '2024-06-25T14:47:00+00:00', 'unit': 'f'}, {'parameter': 'pressure', 'value': 42949520.0, 'lastUpdated': '2024-06-25T15:08:00+00:00', 'unit': 'mb'}, {'parameter': 'humidity', 'value': 73.84, 'lastUpdated': '2024-03-10T18:30:00+00:00', 'unit': '%'}, {'parameter': 'humidity', 'value': 49.66, 'lastUpdated': '2024-06-25T15:08:00+00:00', 'unit': '%'}]",42.8552,25.3201
Nikolay Katranov School of Svishtov,,BG,"[{'parameter': 'temperature', 'value': 32.88, 'lastUpdated': '2024-06-25T15:08:00+00:00', 'unit': 'c'}, {'parameter': 'pressure', 'value': 649.42, 'lastUpdated': '2024-06-25T15:08:00+00:00', 'unit': 'mb'}, {'parameter': 'temperature', 'value': 32.96, 'lastUpdated': '2024-06-25T15:02:00+00:00', 'unit': 'f'}, {'parameter': 'humidity', 'value': 42.42, 'lastUpdated': '2024-06-25T15:08:00+00:00', 'unit': '%'}, {'parameter': 'pm1', 'value': 34.41, 'lastUpdated': '2024-03-10T18:30:00+00:00', 'unit': 'µg/m³'}, {'parameter': 'temperature', 'value': 11.44, 'lastUpdated': '2024-03-10T18:30:00+00:00', 'unit': 'c'}, {'parameter': 'pm25', 'value': 36.38, 'lastUpdated': '2024-03-10T18:30:00+00:00', 'unit': 'µg/m³'}, {'parameter': 'pm4', 'value': 36.38, 'lastUpdated': '2024-03-10T18:30:00+00:00', 'unit': 'µg/m³'}, {'parameter': 'pressure', 'value': 1500.55, 'lastUpdated': '2024-03-10T18:30:00+00:00', 'unit': 'hpa'}, {'parameter': 'humidity', 'value': 62.05, 'lastUpdated': '2024-03-10T18:30:00+00:00', 'unit': '%'}, {'parameter': 'pm10', 'value': 36.38, 'lastUpdated': '2024-03-10T18:30:00+00:00', 'unit': 'µg/m³'}]",43.6175,25.3499
Etar neighbourhood of Gabrovo,,BG,"[{'parameter': 'humidity', 'value': 72.12, 'lastUpdated': '2024-03-10T18:30:00+00:00', 'unit': '%'}, {'parameter': 'temperature', 'value': 34.87, 'lastUpdated': '2024-06-25T15:08:00+00:00', 'unit': 'f'}, {'parameter': 'temperature', 'value': 8.9, 'lastUpdated': '2024-03-10T18:30:00+00:00', 'unit': 'c'}, {'parameter': 'pm1', 'value': 10.24, 'lastUpdated': '2024-03-10T18:30:00+00:00', 'unit': 'µg/m³'}, {'parameter': 'pm10', 'value': 11.67, 'lastUpdated': '2024-03-10T18:31:00+00:00', 'unit': 'µg/m³'}, {'parameter': 'pm4', 'value': 10.83, 'lastUpdated': '2024-03-10T18:30:00+00:00', 'unit': 'µg/m³'}, {'parameter': 'pm25', 'value': 10.83, 'lastUpdated': '2024-03-10T18:30:00+00:00', 'unit': 'µg/m³'}, {'parameter': 'temperature', 'value': 38.43, 'lastUpdated': '2024-06-25T14:33:00+00:00', 'unit': 'c'}, {'parameter': 'pressure', 'value': 956.32, 'lastUpdated': '2024-06-25T15:08:00+00:00', 'unit': 'mb'}, {'parameter': 'humidity', 'value': 43.3, 'lastUpdated': '2024-06-25T15:08:00+00:00', 'unit': '%'}, {'parameter': 'pressure', 'value': 957.01, 'lastUpdated': '2024-03-10T18:30:00+00:00', 'unit': 'hpa'}]",42.8098,25.3587
